show_id,show_title,show_detail
1,アオツバメ通りの放課後,ゆるい会話と実例で、アオツバメ通りの放課後を身近に感じられる番組。
2,夕焼けスパーク・スタジオ,ゆるい会話と実例で、夕焼けスパークを身近に感じられる番組。
3,コトノハ市場の時間割,ゆるい会話と実例で、コトノハ市場の時間割を身近に感じられる番組。
4,ミッドナイト紙ひこうき,ゆるい会話と実例で、ミッドナイト紙ひこうきを身近に感じられる番組。
5,まるごと！白猫ラボ,ゆるい会話と実例で、まるごとを身近に感じられる番組。
6,風見鶏ジャンクション,ゆるい会話と実例で、風見鶏ジャンクションを身近に感じられる番組。
7,ひだまりエンジン,ひだまりエンジンをテーマに、気づきと発見を持ち帰れるバラエティ番組。
8,ルート9の寄り道日和,ゆるい会話と実例で、ルート9の寄り道日和を身近に感じられる番組。
9,しずく亭の手帖,ゆるい会話と実例で、しずく亭の手帖を身近に感じられる番組。
10,サイコロ街の作戦会議,小さな寄り道から始まる、サイコロ街の作戦会議の魅力をゆるく深掘りする街歩き番組。
11,ねじまきタウン通信,ねじまきタウン通信をテーマに、気づきと発見を持ち帰れるバラエティ番組。
12,星屑スイッチ,ゆるい会話と実例で、星屑スイッチを身近に感じられる番組。
13,チャイムのあとで,ゆるい会話と実例で、チャイムのあとでを身近に感じられる番組。
14,かもめドロップス,かもめドロップスをテーマに、気づきと発見を持ち帰れるバラエティ番組。
15,オレンジ坂アワー,ゆるい会話と実例で、オレンジ坂アワーを身近に感じられる番組。
16,つばさ工房の発明ノート,ゆるい会話と実例で、つばさ工房の発明ノートを身近に感じられる番組。
17,まどろみラジオ便,ゆるい会話と実例で、まどろみラジオ便を身近に感じられる番組。
18,ふわりと、夜更かし,忙しい毎日に寄り添いながら、ふわりとの小さな変化を描く番組。
19,こはる日記編集部,ゆるい会話と実例で、こはる日記編集部を身近に感じられる番組。
20,さざなみシアター,さざなみシアターをテーマに、気づきと発見を持ち帰れるバラエティ番組。
21,カーテンコールは2回まで,ゆるい会話と実例で、カーテンコールは2回までを身近に感じられる番組。
22,ひみつの段ボール基地,ゆるい会話と実例で、ひみつの段ボール基地を身近に感じられる番組。
23,ちいさな大騒動シフト,ちいさな大騒動シフトをテーマに、気づきと発見を持ち帰れるバラエティ番組。
24,ゆるっと反省会（仮）,ゆるっと反省会をテーマに、気づきと発見を持ち帰れるバラエティ番組。
25,月灯りのノック,ゆるい会話と実例で、月灯りのノックを身近に感じられる番組。
26,週末は猫背で,選択の裏側にある気持ちを追い、週末は猫背でを丁寧に見つめる番組。
27,風船とコンパス,ゆるい会話と実例で、風船とコンパスを身近に感じられる番組。
28,迷子の地図帳,ゆるい会話と実例で、迷子の地図帳を身近に感じられる番組。
29,ノイズのない部屋,忙しい毎日に寄り添いながら、ノイズのない部屋の小さな変化を描く番組。
30,サンドイッチ宣言,サンドイッチ宣言をテーマに、気づきと発見を持ち帰れるバラエティ番組。
31,びっくり箱アトリエ,ゆるい会話と実例で、びっくり箱アトリエを身近に感じられる番組。
32,ハロー！みつばち倶楽部,みつばち倶楽部をテーマに、気づきと発見を持ち帰れるバラエティ番組。
33,ミルク色の作戦,ゆるい会話と実例で、ミルク色の作戦を身近に感じられる番組。
34,いちごジャムの午後,いちごジャムの午後をテーマに、気づきと発見を持ち帰れるバラエティ番組。
35,すみっこ観測隊,ゆるい会話と実例で、すみっこ観測隊を身近に感じられる番組。
36,砂時計のリズム,砂時計のリズムをテーマに、気づきと発見を持ち帰れるバラエティ番組。
37,となりの笑顔、借ります,ゆるい会話と実例で、となりの笑顔を身近に感じられる番組。
38,きょうの小さな革命,ゆるい会話と実例で、きょうの小さな革命を身近に感じられる番組。
39,のらりくらり選手権,ゆるい会話と実例で、のらりくらり選手権を身近に感じられる番組。
40,もぐもぐ探偵団,手がかりを積み上げて真相へ、もぐもぐ探偵団を楽しむ謎解き番組。
41,まちかどおーぷんキッチン,今日から真似できる工夫で、まちかどおーぷんキッチンの「おいしい」を増やすレシピ番組。
42,レシピの余白,食材の個性を引き出しながら、レシピの余白を気軽に楽しむキッチン番組。
43,10分だけの台所,ゆるい会話と実例で、10分だけの台所を身近に感じられる番組。
44,こげめ研究所,こげめ研究所をテーマに、気づきと発見を持ち帰れるバラエティ番組。
45,ひとくち幸福論,ひとくち幸福論をテーマに、気づきと発見を持ち帰れるバラエティ番組。
46,パンと風のメモワール,今日から真似できる工夫で、パンと風のメモワールの「おいしい」を増やすレシピ番組。
47,夜更けのスプーン,選択の裏側にある気持ちを追い、夜更けのスプーンを丁寧に見つめる番組。
48,きょうの皿は丸い,きょうの皿は丸いをテーマに、気づきと発見を持ち帰れるバラエティ番組。
49,スパイス散歩道,小さな寄り道から始まる、スパイス散歩道の魅力をゆるく深掘りする街歩き番組。
50,おにぎり会議,おにぎり会議をテーマに、気づきと発見を持ち帰れるバラエティ番組。
51,キラメキ早押し横丁,ゆるい会話と実例で、キラメキ早押し横丁を身近に感じられる番組。
52,ひらめきの階段,ゆるい会話と実例で、ひらめきの階段を身近に感じられる番組。
53,記憶力パトロール,ゆるい会話と実例で、記憶力パトロールを身近に感じられる番組。
54,ことばあそびの森,ゆるい会話と実例で、ことばあそびの森を身近に感じられる番組。
55,3択ジャーニー,3択ジャーニーをテーマに、気づきと発見を持ち帰れるバラエティ番組。
56,ナゾトキ・スケッチブック,スケッチブックをテーマに、気づきと発見を持ち帰れるバラエティ番組。
57,逆転ルール研究会,逆転ルール研究会をテーマに、気づきと発見を持ち帰れるバラエティ番組。
58,連想バトン！,連想バトンをテーマに、気づきと発見を持ち帰れるバラエティ番組。
59,ひみつの暗号クラブ,手がかりを積み上げて真相へ、ひみつの暗号クラブを楽しむ謎解き番組。
60,クイズで深呼吸,ゆるい会話と実例で、クイズで深呼吸を身近に感じられる番組。
61,スモールステップ運動部,ゆるい会話と実例で、スモールステップ運動部を身近に感じられる番組。
62,走って、笑って、深呼吸,走ってをテーマに、気づきと発見を持ち帰れるバラエティ番組。
63,週末ストレッチ航海,動きの基本から整える、週末ストレッチ航海で体をアップデートする実践番組。
64,体力のつく嘘,ゆるい会話と実例で、体力のつく嘘を身近に感じられる番組。
65,目指せ！5分の習慣,5分の習慣をテーマに、気づきと発見を持ち帰れるバラエティ番組。
66,こつこつ記録帳,こつこつ記録帳をテーマに、気づきと発見を持ち帰れるバラエティ番組。
67,朝のスイッチ入門,忙しい毎日に寄り添いながら、朝のスイッチ入門の小さな変化を描く番組。
68,眠気に勝つ方法はない,眠気に勝つ方法はないをテーマに、気づきと発見を持ち帰れるバラエティ番組。
69,からだの声、聞こえますか,聞こえますかをテーマに、気づきと発見を持ち帰れるバラエティ番組。
70,ゆる筋トレ放送局,動きの基本から整える、ゆる筋トレ放送局で体をアップデートする実践番組。
71,夢見る配信スタジオ,ゆるい会話と実例で、夢見る配信スタジオを身近に感じられる番組。
72,ゲームの余韻,ゆるい会話と実例で、ゲームの余韻を身近に感じられる番組。
73,1UP！放課後プレイ,ゆるい会話と実例で、放課後プレイを身近に感じられる番組。
74,スコアより大事なもの,スコアより大事なものをテーマに、気づきと発見を持ち帰れるバラエティ番組。
75,クリア条件は笑顔,クリア条件は笑顔をテーマに、気づきと発見を持ち帰れるバラエティ番組。
76,ボタン連打クラブ,ボタン連打クラブをテーマに、気づきと発見を持ち帰れるバラエティ番組。
77,すれ違いマッチメイク,すれ違いマッチメイクをテーマに、気づきと発見を持ち帰れるバラエティ番組。
78,立ち回り講座（たぶん）,知るほど面白い立ち回り講座を、例え話と実践で学べる教養番組。
79,ふたりで協力しませんか,ゆるい会話と実例で、ふたりで協力しませんかを身近に感じられる番組。
80,今日はログインだけ,ゆるい会話と実例で、今日はログインだけを身近に感じられる番組。
81,コーヒーと未読メッセージ,コーヒーと未読メッセージをテーマに、気づきと発見を持ち帰れるバラエティ番組。
82,すこし不器用な恋の話,選択の裏側にある気持ちを追い、すこし不器用な恋の話を丁寧に見つめる番組。
83,交差点の約束,交差点の約束をテーマに、気づきと発見を持ち帰れるバラエティ番組。
84,返信は明日でいい,返信は明日でいいをテーマに、気づきと発見を持ち帰れるバラエティ番組。
85,片想いの取扱説明書,片想いの取扱説明書をテーマに、気づきと発見を持ち帰れるバラエティ番組。
86,ふたりの温度差,ゆるい会話と実例で、ふたりの温度差を身近に感じられる番組。
87,となりの席の宇宙,となりの席の宇宙をやさしく噛み砕き、明日から使える視点に変えるテック番組。
88,恋のメンテナンス中,選択の裏側にある気持ちを追い、恋のメンテナンス中を丁寧に見つめる番組。
89,きみの理由、ぼくの理由,きみの理由をテーマに、気づきと発見を持ち帰れるバラエティ番組。
90,週末だけの同盟,選択の裏側にある気持ちを追い、週末だけの同盟を丁寧に見つめる番組。
91,まちの小さな相談窓口,ゆるい会話と実例で、まちの小さな相談窓口を身近に感じられる番組。
92,だいたい解決します,ゆるい会話と実例で、だいたい解決しますを身近に感じられる番組。
93,反省しない反省会,反省しない反省会をテーマに、気づきと発見を持ち帰れるバラエティ番組。
94,うまくいかない日ほど,ゆるい会話と実例で、うまくいかない日ほどを身近に感じられる番組。
95,それでも前を向く練習,それでも前を向く練習をテーマに、気づきと発見を持ち帰れるバラエティ番組。
96,すれ違いの整理整頓,すれ違いの整理整頓をテーマに、気づきと発見を持ち帰れるバラエティ番組。
97,明日の自分に渡すメモ,明日の自分に渡すメモをテーマに、気づきと発見を持ち帰れるバラエティ番組。
98,ほどよく、がんばる,ほどよくをテーマに、気づきと発見を持ち帰れるバラエティ番組。
99,きょうはここまで,きょうはここまでをテーマに、気づきと発見を持ち帰れるバラエティ番組。
100,おやすみ前の一駅,行き先は気分次第、おやすみ前の一駅を軸にその土地の空気を味わう旅番組。
